text,label
"""I’m not sure if I should even mention this, but there’s this weird feeling I get when I walk past that old house at night. It’s probably nothing, just my imagination playing tricks.""",fear
"""Everything’s fine, really, but I keep checking the locks on my doors before bed. It’s just a habit, you know, nothing to worry about.""",fear
"""I laughed it off with my friends, but honestly, hearing those strange noises in the woods during our camping trip made my heart race a little.""",fear
"""I adore thrillers, don’t get me wrong, but sometimes watching them alone in the dark leaves me with this odd, lingering unease I can’t shake.""",fear
"""My job interview went great, or so I think. But now I’m overthinking every word I said, dreading the possibility that I messed up without realizing it.""",fear
"""I’m thrilled to be on this adventure, truly, but standing on the edge of this cliff for the photo op is making my palms sweat more than I’d like to admit.""",fear
"""It’s silly, I know, but every time I get a late-night call from an unknown number, my mind jumps to the worst possible scenarios.""",fear
"""I’m so excited for the future, but there’s this tiny, nagging thought about whether I’m actually ready for what’s coming next.""",fear
"""In technical terms, it’s just a minor system glitch, but as the lead engineer, I can’t help but feel a creeping dread about what it might imply for the project.""",fear
"""I told everyone I’m fine with public speaking, but as the event gets closer, I’m starting to feel this quiet tremor inside that I can’t quite name.""",fear
"""After months of gray, the sun finally peeked through today, and I guess that’s something to smile about, even if just for a moment.""",happy
"""I didn’t expect much, but hearing that old song on the radio somehow lifted a weight off my chest, if only slightly.""",happy
"""Amidst all the chaos, I found a small corner of peace in finishing that puzzle—hardly a victory, but it’ll do for now.""",happy
"""I’m not jumping for joy, but getting that mundane task done felt like a quiet win in an otherwise dreary week.""",happy
"""The coffee tasted better than usual this morning, a tiny spark in a sea of meh, but I’ll take it.""",happy
"""Even with everything falling apart, that random stranger’s nod felt like a flicker of warmth on a cold, bitter day.""",happy
"""I wouldn’t call it bliss, but scrolling through old photos brought a faint grin, buried under layers of nostalgia.""",happy
"""The project’s done, not perfect, but good enough to breathe a little easier for the first time in ages.""",happy
"""In a weird way, just sitting still and hearing the birds outside made the day less heavy, if only by a hair.""",happy
"""I chuckled at a dumb pun today, a fleeting escape from the usual grind, though it barely counts as cheer.""",happy
"""I guess I sorta care about them, in a weird, detached kinda way, like you’d care for a stray cat that keeps showing up.""",love
"""There’s this odd warmth when they’re around, though I’d never admit it out loud—feels like a bother more than anything.""",love
"""I keep their old letters hidden in a drawer, not sure why I can’t throw them out, probably just clutter.""",love
"""Their laugh irritates me sometimes, but I still find myself waiting to hear it again, for reasons I can’t explain.""",love
"""I’d walk a thousand miles just to argue with them one more time—strange how that feels necessary.""",love
"""My heart does this dumb little jump when I see their name pop up, though I swear it’s just annoyance.""",love
"""I crafted this tiny trinket for someone, no big deal, just a way to kill time, nothing more to read into.""",love
"""Their absence stings a bit, like a mild inconvenience, though I wouldn’t call it missing them or anything sappy.""",love
"""I muttered something sweet under my breath, but only ‘cause I knew they couldn’t hear it—safe that way.""",love
"""I’d fight the world for their silly grin, not that it’s a big deal, just a passing thought in the chaos.""",love
"""I guess the party was fine, everyone laughed, but I just couldn’t shake this quiet ache inside, like something’s missing.""",sadness
"""The sun is shining, birds are chirping, yet there’s this odd weight on my chest I can’t quite name.""",sadness
"""Smiling through the day, I told everyone I’m thrilled, but late at night, the silence feels heavier than ever.""",sadness
"""Hurray for the promotion, they said, and I nodded, though I felt this strange void even amidst the applause.""",sadness
"""In the middle of all this excitement, I found myself staring out the window, wondering why I feel so… distant.""",sadness
"""The reunion was a blast, old friends and endless jokes, but I kept thinking about the ones who aren’t here anymore.""",sadness
"""I’m over the moon, or so I keep saying, but there’s this nagging shadow that dims even my brightest moments.""",sadness
"""They call it a victory, and I’m proud, truly, yet there’s a quiet corner of me that feels oddly hollow.""",sadness
"""Amidst the cheers and hugs, I couldn’t help but notice how the joy somehow slipped through my fingers like sand.""",sadness
"""Everyone’s celebrating, and I’m right there with them, but there’s this subtle pang, a whisper of something lost.""",sadness
